<?xml version="1.0" encoding="utf-8"?>
<!DOCTYPE install PUBLIC "-//Joomla! 2.5//DTD template 1.0//EN" "http://www.joomla.org/xml/dtd/1.6/template-install.dtd">
<extension version="2.5" type="template" client="site">
	<name>szablon_pwd_1_3</name>
	<creationDate>10 grudnia 2015</creationDate>
	<author>PWD online</author>
	<authorEmail>biuro@pwd.dolinagubra.pl</authorEmail>
	<authorUrl>http://http://pwd.dolinagubra.pl</authorUrl>
	<license>GNU General Public License version 2 or later; see LICENSE.txt</license>
	<version>3.1.0</version>
	<description>Szablon PWD T1_3</description>

	<files>
		<filename>index.php</filename>
		<filename>templateDetails.xml</filename>
		<folder>files</folder>
	</files>

	<positions>
		<position>debug</position>
		<position>position-0</position>
		<position>position-1</position>
		<position>position-2</position>
		<position>position-3</position>
		<position>position-4</position>
		<position>position-5</position>
		<position>position-6</position>
		<position>position-7</position>
		<position>position-8</position>
		<position>position-9</position>
		<position>position-10</position>
		<position>position-11</position>
		<position>position-12</position>
		<position>position-13</position>
		<position>position-14</position>
		<position>position-15</position>
	</positions>
	
</extension>
