<?xml version="1.0"?><extension version="1.7" type="template" method="upgrade"><name>Szablon_PWD_T21</name><version>1.0</version><creationDate>11/30/2015 00:00:00</creationDate><author>TemplateToaster</author><authorUrl>http://TemplateToaster.com</authorUrl><copyright>Copyright 2012http://templatetoaster.comAll Rights Reserved.</copyright><license>GNU/GPL</license><description>Dodaj opis strony tutaj</description><files><filename>index.php</filename><filename>error.php</filename><filename>jquery.js</filename><filename>html5shiv.js</filename><filename>respond.min.js</filename><filename>prefixfree.min.js</filename><filename>jquery-ui-1.9.2.custom.min.js</filename><filename>bootstrap.min.js</filename><filename>totop.js</filename><filename>template_thumbnail.png</filename><filename>template_preview.png</filename><filename>favicon.ico</filename><filename>params.ini</filename><filename>templateDetails.xml</filename><folder>css</folder><folder>html</folder><folder>images</folder><folder>language</folder></files><positions><position>HBModulePosition00</position><position>HBModulePosition01</position><position>HBModulePosition02</position><position>HBModulePosition03</position><position>HAModulePosition00</position><position>HAModulePosition01</position><position>HAModulePosition02</position><position>HAModulePosition03</position><position>CAModulePosition00</position><position>CAModulePosition01</position><position>CAModulePosition02</position><position>CAModulePosition03</position><position>CBModulePosition00</position><position>CBModulePosition01</position><position>CBModulePosition02</position><position>CBModulePosition03</position><position>left</position><position>Menu</position><position>FAModulePosition00</position><position>FAModulePosition01</position><position>FAModulePosition02</position><position>FAModulePosition03</position><position>FBModulePosition00</position><position>FBModulePosition01</position><position>FBModulePosition02</position><position>FBModulePosition03</position><position>LeftFooterArea</position><position>CenterFooterArea</position><position>RightFooterArea</position></positions><params><param name="show_effects" type="radio" default="1" label="Show mootools effects" description="Enable/Disable the use of rich javascript effect on the site"><option value="0">No</option><option value="1">Yes</option></param><param name="modules_start" type="list" default="open" label="Modules State" description="When effect enabled choose if the modules slides should start open or closed"><option value="open">Open</option><option value="close">Close</option></param></params><config><fields name="params"><fieldset name="header" label="Header Options"><field name="enable_site_Title" type="radio" class="btn-group btn-group-yesno" default="0" label="Display Site Title" description="Display Site Title"><option value="1">Show</option><option value="0">Hide</option></field><field name="Site_Title" type="text" default="Website Title" label="Site Title" description="Change Site Title" /><field name="Site_Title_FontSize" type="text" default="28" label="Site Title Font Size" description="Change Site Title Font Size" /><field name="Site_Title_Heading_Tag" type="headertag" default="h1" label="Heading Tag For Title" description="Change Site Title Heading Tag" /><field name="enable_site_slogan" type="radio" class="btn-group btn-group-yesno" default="0" label="Display Site Slogan" description="Turn On/Off the Site Slogan"><option value="1">Show</option><option value="0">Hide</option></field><field name="Site_Slogan" type="text" default="Website Slogan" label="Site Slogan" description="Change Site Slogan" /><field name="Site_Slogan_FontSize" type="text" default="16" label="Site Slogan Font Size" description="Change Site Slogan Font Size" /><field name="Site_Slogan_Heading_Tag" type="headertag" default="h2" label="Heading Tag For Slogan" description="Change Site Slogan Heading Tag" /><field name="enable_site_logo" type="radio" class="btn-group btn-group-yesno" default="1" label="Display Site Logo" description="Show/Hide the Site Logo"><option value="1">Show</option><option value="0">Hide</option></field><field name="site_logo_Image" type="media" label="Header Logo" description="Change Header Logo" /></fieldset><fieldset name="footer" label="Footer Options"><field name="enable_rss_icon" type="radio" class="btn-group btn-group-yesno" default="1" label="Display Rss Icon" description="Show/Hide Rss Icon"><option value="1">Show</option><option value="0">Hide</option></field><field name="Rss_Icon_Image" type="media" label="Rss Icon" description="Change Rss Icon" /><field name="enable_facebook_icon" type="radio" class="btn-group btn-group-yesno" default="1" label="Display Facebook Icon" description="Show/Hide Facebook Icon"><option value="1">Show</option><option value="0">Hide</option></field><field name="facebook_icon_Image" type="media" label="Facebook Icon" description="Change Facebook Icon" /><field name="facebook_Url" type="textarea" default="" label="Facebook Icon Url" description="Change Facebook Url" /><field name="enable_LinkedIn_icon" type="radio" class="btn-group btn-group-yesno" default="1" label="Display LinkedIn Icon" description="Show/Hide LinkedIn Icon"><option value="1">Show</option><option value="0">Hide</option></field><field name="LinkedIn_icon_Image" type="media" label="LinkedIn Icon" description="Change LinkedIn Icon" /><field name="linkedin_Url" type="textarea" default="" label="LinkedIn Icon Url" description="Change LinkedIn Url" /><field name="enable_GooglePlus_icon" type="radio" class="btn-group btn-group-yesno" default="1" label="Display GooglePlus Icon" description="Show/Hide GooglePlus Icon"><option value="1">Show</option><option value="0">Hide</option></field><field name="GooglePlus_icon_Image" type="media" label="GooglePlus Icon" description="Change GooglePlus Icon" /><field name="googleplus_Url" type="textarea" default="" label="GooglePlus Icon Url" description="Change GooglePlus Url" /><field name="enable_Twitter_icon" type="radio" class="btn-group btn-group-yesno" default="1" label="Display Twitter Icon" description="Show/Hide Twitter Icon"><option value="1">Show</option><option value="0">Hide</option></field><field name="Twitter_icon_Image" type="media" label="Twitter Icon" description="Change Twitter Icon" /><field name="twitter_Url" type="textarea" default="" label="Twitter Icon Url" description="Change Twitter Url" /><field name="enable_Copyright_Text" type="radio" class="btn-group btn-group-yesno" default="1" label="Display Footer Copyright" description="Display Footer Copyright"><option value="1">Show</option><option value="0">Hide</option></field><field name="Copyright_Text" type="textarea" default="Copyright@Example.com" label="Footer Copyright Text" description="Change Footer Copyright Text" /><field name="Copyright_Url" type="textarea" default="" label="Footer Copyright Url" description="Change Copyright Url" /><field name="Copyright_FontSize" type="text" default="14" label="Footer Copyright Font Size" description="Change Footer Copyright Font Size" /><field name="enable_Designed_By" type="radio" class="btn-group btn-group-yesno" default="1" label="Display Footer Designed By" description="Display Footer Designed By"><option value="1">Show</option><option value="0">Hide</option></field><field name="Designed_By" type="textarea" default="http://templatetoaster.com" label="Footer Designed By Url" description="Change Footer Designed By Url" /><field name="Designed_By_FontSize" type="text" default="14" label="Footer Designed By Font Size" description="Change Designed By Font Size" /><field name="Designed_By_Link_FontSize" type="text" default="14" label="Footer Designed By Link Font Size" description="Change Designed By Link Font Size" /></fieldset><fieldset name="coloroptions" label="Color Options"><field name="block_heading_color" type="color" default="#000000" label="Block Heading Color" description="Change The Color Of Block Heading" /><field name="footer_copyright_color" type="color" default="#000000" label="Footer Copyright Color" description="Change The Color For Footer Copyright" /><field name="footer_designed_by_color" type="color" default="#000000" label="Footer Designed By Color" description="Change The Color of 'Footer Designed By' Text" /><field name="footer_designed_by_link_color" type="color" default="#151515" label="Footer Designed By Link Color" description="Change The Color Of Footer Designed By Link" /></fieldset><fieldset name="SideBar" label="Sidebar Options"><field name="block_heading_font_size" type="text" default="14" label="Block Heading Font Size" description="Change Block Heading Font Size" /><field name="heading_tag_block" type="headertag" default="h3" label="Heading Tag for Block Heading" description="Change Heading Tag for Block Heading" /></fieldset><fieldset name="style_options" label="Style Options"><field name="hbmoduleposition00" type="list" default="block" label="HBModulePosition00 Position Style"><option value="block">TT Default</option><option value="none">None</option></field><field name="hbmoduleposition01" type="list" default="block" label="HBModulePosition01 Position Style"><option value="block">TT Default</option><option value="none">None</option></field><field name="hbmoduleposition02" type="list" default="block" label="HBModulePosition02 Position Style"><option value="block">TT Default</option><option value="none">None</option></field><field name="hbmoduleposition03" type="list" default="block" label="HBModulePosition03 Position Style"><option value="block">TT Default</option><option value="none">None</option></field><field name="hamoduleposition00" type="list" default="block" label="HAModulePosition00 Position Style"><option value="block">TT Default</option><option value="none">None</option></field><field name="hamoduleposition01" type="list" default="block" label="HAModulePosition01 Position Style"><option value="block">TT Default</option><option value="none">None</option></field><field name="hamoduleposition02" type="list" default="block" label="HAModulePosition02 Position Style"><option value="block">TT Default</option><option value="none">None</option></field><field name="hamoduleposition03" type="list" default="block" label="HAModulePosition03 Position Style"><option value="block">TT Default</option><option value="none">None</option></field><field name="camoduleposition00" type="list" default="block" label="CAModulePosition00 Position Style"><option value="block">TT Default</option><option value="none">None</option></field><field name="camoduleposition01" type="list" default="block" label="CAModulePosition01 Position Style"><option value="block">TT Default</option><option value="none">None</option></field><field name="camoduleposition02" type="list" default="block" label="CAModulePosition02 Position Style"><option value="block">TT Default</option><option value="none">None</option></field><field name="camoduleposition03" type="list" default="block" label="CAModulePosition03 Position Style"><option value="block">TT Default</option><option value="none">None</option></field><field name="cbmoduleposition00" type="list" default="block" label="CBModulePosition00 Position Style"><option value="block">TT Default</option><option value="none">None</option></field><field name="cbmoduleposition01" type="list" default="block" label="CBModulePosition01 Position Style"><option value="block">TT Default</option><option value="none">None</option></field><field name="cbmoduleposition02" type="list" default="block" label="CBModulePosition02 Position Style"><option value="block">TT Default</option><option value="none">None</option></field><field name="cbmoduleposition03" type="list" default="block" label="CBModulePosition03 Position Style"><option value="block">TT Default</option><option value="none">None</option></field><field name="left" type="list" default="block" label="Left Position Style"><option value="block">TT Default</option><option value="none">None</option></field><field name="menu" type="list" default="block" label="Menu Position Style"><option value="block">TT Default</option><option value="none">None</option></field><field name="famoduleposition00" type="list" default="block" label="FAModulePosition00 Position Style"><option value="block">TT Default</option><option value="none">None</option></field><field name="famoduleposition01" type="list" default="block" label="FAModulePosition01 Position Style"><option value="block">TT Default</option><option value="none">None</option></field><field name="famoduleposition02" type="list" default="block" label="FAModulePosition02 Position Style"><option value="block">TT Default</option><option value="none">None</option></field><field name="famoduleposition03" type="list" default="block" label="FAModulePosition03 Position Style"><option value="block">TT Default</option><option value="none">None</option></field><field name="fbmoduleposition00" type="list" default="block" label="FBModulePosition00 Position Style"><option value="block">TT Default</option><option value="none">None</option></field><field name="fbmoduleposition01" type="list" default="block" label="FBModulePosition01 Position Style"><option value="block">TT Default</option><option value="none">None</option></field><field name="fbmoduleposition02" type="list" default="block" label="FBModulePosition02 Position Style"><option value="block">TT Default</option><option value="none">None</option></field><field name="fbmoduleposition03" type="list" default="block" label="FBModulePosition03 Position Style"><option value="block">TT Default</option><option value="none">None</option></field><field name="leftfooterarea" type="list" default="block" label="LeftFooterArea Position Style"><option value="block">TT Default</option><option value="none">None</option></field><field name="centerfooterarea" type="list" default="block" label="CenterFooterArea Position Style"><option value="block">TT Default</option><option value="none">None</option></field><field name="rightfooterarea" type="list" default="block" label="RightFooterArea Position Style"><option value="block">TT Default</option><option value="none">None</option></field><field name="debug" type="list" default="block" label="Debug Position Style"><option value="block">TT Default</option><option value="none">None</option></field></fieldset><fieldset name="menu_style_options" label="Menu Style Options"><field name="enable_click_on_menu" type="hidden" default="h_menu_hover" label="Enable menu"><option value="h_menu_click">Click</option><option value="h_menu_hover">Hover</option></field><field name="enable_click_on_sidebar_menu" type="hidden" default="v_menu_hover" label="Enable  vertical menu"><option value="v_menu_click">Click</option><option value="v_menu_hover">Hover</option></field><field name="hbmoduleposition00ms" type="list" default="h_menu" label="HBModulePosition00 Menu Style"><option value="h_menu">Horizontal</option><option value="v_menu">Vertical</option></field><field name="hbmoduleposition01ms" type="list" default="h_menu" label="HBModulePosition01 Menu Style"><option value="h_menu">Horizontal</option><option value="v_menu">Vertical</option></field><field name="hbmoduleposition02ms" type="list" default="h_menu" label="HBModulePosition02 Menu Style"><option value="h_menu">Horizontal</option><option value="v_menu">Vertical</option></field><field name="hbmoduleposition03ms" type="list" default="h_menu" label="HBModulePosition03 Menu Style"><option value="h_menu">Horizontal</option><option value="v_menu">Vertical</option></field><field name="hamoduleposition00ms" type="list" default="h_menu" label="HAModulePosition00 Menu Style"><option value="h_menu">Horizontal</option><option value="v_menu">Vertical</option></field><field name="hamoduleposition01ms" type="list" default="h_menu" label="HAModulePosition01 Menu Style"><option value="h_menu">Horizontal</option><option value="v_menu">Vertical</option></field><field name="hamoduleposition02ms" type="list" default="h_menu" label="HAModulePosition02 Menu Style"><option value="h_menu">Horizontal</option><option value="v_menu">Vertical</option></field><field name="hamoduleposition03ms" type="list" default="h_menu" label="HAModulePosition03 Menu Style"><option value="h_menu">Horizontal</option><option value="v_menu">Vertical</option></field><field name="camoduleposition00ms" type="list" default="h_menu" label="CAModulePosition00 Menu Style"><option value="h_menu">Horizontal</option><option value="v_menu">Vertical</option></field><field name="camoduleposition01ms" type="list" default="h_menu" label="CAModulePosition01 Menu Style"><option value="h_menu">Horizontal</option><option value="v_menu">Vertical</option></field><field name="camoduleposition02ms" type="list" default="h_menu" label="CAModulePosition02 Menu Style"><option value="h_menu">Horizontal</option><option value="v_menu">Vertical</option></field><field name="camoduleposition03ms" type="list" default="h_menu" label="CAModulePosition03 Menu Style"><option value="h_menu">Horizontal</option><option value="v_menu">Vertical</option></field><field name="cbmoduleposition00ms" type="list" default="h_menu" label="CBModulePosition00 Menu Style"><option value="h_menu">Horizontal</option><option value="v_menu">Vertical</option></field><field name="cbmoduleposition01ms" type="list" default="h_menu" label="CBModulePosition01 Menu Style"><option value="h_menu">Horizontal</option><option value="v_menu">Vertical</option></field><field name="cbmoduleposition02ms" type="list" default="h_menu" label="CBModulePosition02 Menu Style"><option value="h_menu">Horizontal</option><option value="v_menu">Vertical</option></field><field name="cbmoduleposition03ms" type="list" default="h_menu" label="CBModulePosition03 Menu Style"><option value="h_menu">Horizontal</option><option value="v_menu">Vertical</option></field><field name="leftms" type="list" default="v_menu" label="Left Menu Style"><option value="h_menu">Horizontal</option><option value="v_menu">Vertical</option></field><field name="menums" type="list" default="h_menu" label="Menu Position Menu Style"><option value="h_menu">Horizontal</option><option value="v_menu">Vertical</option></field><field name="famoduleposition00ms" type="list" default="h_menu" label="FAModulePosition00 Menu Style"><option value="h_menu">Horizontal</option><option value="v_menu">Vertical</option></field><field name="famoduleposition01ms" type="list" default="h_menu" label="FAModulePosition01 Menu Style"><option value="h_menu">Horizontal</option><option value="v_menu">Vertical</option></field><field name="famoduleposition02ms" type="list" default="h_menu" label="FAModulePosition02 Menu Style"><option value="h_menu">Horizontal</option><option value="v_menu">Vertical</option></field><field name="famoduleposition03ms" type="list" default="h_menu" label="FAModulePosition03 Menu Style"><option value="h_menu">Horizontal</option><option value="v_menu">Vertical</option></field><field name="fbmoduleposition00ms" type="list" default="h_menu" label="FBModulePosition00 Menu Style"><option value="h_menu">Horizontal</option><option value="v_menu">Vertical</option></field><field name="fbmoduleposition01ms" type="list" default="h_menu" label="FBModulePosition01 Menu Style"><option value="h_menu">Horizontal</option><option value="v_menu">Vertical</option></field><field name="fbmoduleposition02ms" type="list" default="h_menu" label="FBModulePosition02 Menu Style"><option value="h_menu">Horizontal</option><option value="v_menu">Vertical</option></field><field name="fbmoduleposition03ms" type="list" default="h_menu" label="FBModulePosition03 Menu Style"><option value="h_menu">Horizontal</option><option value="v_menu">Vertical</option></field><field name="leftfooterareams" type="list" default="h_menu" label="LeftFooterArea Menu Style"><option value="h_menu">Horizontal</option><option value="v_menu">Vertical</option></field><field name="centerfooterareams" type="list" default="h_menu" label="CenterFooterArea Menu Style"><option value="h_menu">Horizontal</option><option value="v_menu">Vertical</option></field><field name="rightfooterareams" type="list" default="h_menu" label="RightFooterArea Menu Style"><option value="h_menu">Horizontal</option><option value="v_menu">Vertical</option></field></fieldset></fields></config></extension>